id,question,expected_answer,category,campaign_id,deepseek_answer,deepseek_time,deepseek_status,deepseek_knowledge_used,deepseek_evaluation,deepseek_reason,deepseek_error,qwen_answer,qwen_time,qwen_status,qwen_knowledge_used,qwen_evaluation,qwen_reason,qwen_error
1,在济南买空调能享受以旧换新补贴吗？,可以。济南市空调属于家电以旧换新补贴范围，包括家用中央空调和风管机,市级家电,JN_APPLIANCE_2025,"根据济南市2025年家电以旧换新政策（JN_APPLIANCE_2025），购买空调可享受补贴，具体信息如下：

1. **补贴标准**：
   - 基础补贴率：15%（发票价税合计金额）
   - 能效1级额外补贴：5%（需满足2级及以上能效要求）
   - **单件上限**：2000元

2. **数量限制**：
   - 每户每品类限购1台
   - 空调特殊放宽至最多3台

3. **时间范围**：
   - 两轮补贴期：
     - 第一轮：2025年4月1日-6月30日（已结束）
     - 第二轮：2025年7月1日-9月30日（已结束）
   - 申请截止：2025年10月5日（已截止）

4. **申请方式**：
   - 通过""泉城购APP""申请，需提供旧机回收凭证、新机发票等材料

（注：当前政策状态为""completed""，活动已结束）",7.126803398132324,success,True,错误,匹配度低(0%),,"在济南购买空调可以享受以旧换新补贴。具体政策如下：

- **补贴标准**：基础补贴率为15%，如果购买的空调能效等级为1级，额外增加5%的补贴。
- **最高补贴金额**：每台空调最高补贴2000元。
- **活动时间**：
  - 第一轮：购买期为2025年4月1日至6月30日，申请期为2025年4月10日至7月5日。
  - 第二轮：购买期为2025年7月1日至9月30日，申请期为2025年7月10日至10月5日。

请注意，每户家庭最多可享受3台空调的补贴。补贴通过泉城购APP或山东政务服务网申请。",12.04020619392395,success,True,错误,匹配度低(0%),
2,购买一台价值8000元的一级能效空调，能获得多少济南市家电补贴？,1600元。基础补贴15%（1200元）+ 一级能效额外5%（400元）= 1600元,市级家电,JN_APPLIANCE_2025,"根据济南市2025年家电以旧换新政策（JN_APPLIANCE_2025），购买一台价值8000元的一级能效空调可获得的补贴如下：

1. **补贴标准**：
   - 基础补贴率：15%
   - 一级能效额外补贴率：5%
   - **总补贴率**：20%（15%+5%）

2. **补贴金额计算**：
   - 8000元 × 20% = 1600元
   - 单件补贴上限为2000元，1600元未达上限

3. **关键限制**：
   - 空调类每户最多可购3台（含中央空调）
   - 需在活动期内购买（2025年4月1日-9月30日）并通过泉城购APP申请

**最终补贴金额：1600元**",5.1934497356414795,success,True,错误,匹配度低(30%),,"根据济南市2025年家电以旧换新政策活动（JN_APPLIANCE_2025），购买一台价值8000元的一级能效空调，可以获得以下补贴：

- **基础补贴率**：15%
- **额外补贴率**（因为空调是一级能效）：+5%
- **总补贴率**：20%
- **补贴上限**：2000元

计算补贴金额：
\[ 8000 \times 20\% = 1600 \text{元} \]

因此，购买一台价值8000元的一级能效空调，可以获得**1600元**的补贴。",9.061400651931763,success,True,错误,匹配度低(30%),
3,济南市家电补贴每类产品最多可以购买几件？空调有什么特殊规定？,每类产品限购1件，但空调最多可购买3台,市级家电,JN_APPLIANCE_2025,"根据济南市家电补贴政策（JN_APPLIANCE_2025）：
1. **每类产品限购数量**：每类家电产品限购1件（""quantity_limit.per_category"": 1）
2. **空调特殊规定**：空调最多可购买3件（""quantity_limit.air_conditioner_max"": 3）

其他关键信息：
- 补贴标准为发票金额的15%（1级能效额外5%），单件上限2000元
- 适用产品包含空调等12类家电（含家用中央空调、风管机）",4.049303770065308,success,True,部分正确,匹配度50%,,根据济南市2025年家电以旧换新政策活动（JN_APPLIANCE_2025），每类家电产品最多可以购买1件。对于空调，有特殊规定：每个家庭最多可以购买3台空调。具体补贴标准为15%的基础补贴率，如果能效等级达到1级，则额外增加5%的补贴，但总补贴金额不超过2000元。,8.336926698684692,success,True,部分正确,匹配度50%,
4,在济南买冰箱补贴在哪里申请？,泉城购APP,市级家电,JN_APPLIANCE_2025,"在济南购买冰箱可通过**泉城购APP**申请家电以旧换新补贴，具体政策如下：

- **补贴标准**：发票金额的15%（能效1级产品额外加5%）
- **上限金额**：单件最高补贴2000元
- **申请时间**：2025年政策已结束（最后一轮购买截止9月30日，申请截止10月5日）
- **产品要求**：需提供旧家电回收凭证和新购冰箱发票

注：当前政策状态为已完成（completed），2025年新申请通道已关闭。",3.4732139110565186,success,True,部分正确,匹配度50%,,在济南市购买冰箱的补贴可以通过“泉城购APP”或“山东政务服务网”申请。补贴标准为15%，如果购买的冰箱能效等级为1级，则额外增加5%的补贴，单件产品最高补贴金额为2000元。活动时间为2025年1月20日至2025年12月31日。需要注意的是，消费者需要提供旧家电回收证明、新购家电发票等材料以完成申请。,4.474093437194824,success,True,部分正确,匹配度50%,
5,济南市家电补贴的单件补贴上限是多少？,2000元,市级家电,JN_APPLIANCE_2025,济南市家电补贴的单件补贴上限是2000元。,1.5792455673217773,success,True,部分正确,匹配度50%,,济南市家电补贴的单件补贴上限是2000元。,2.941267728805542,success,True,部分正确,匹配度50%,
6,济南市2025年家电以旧换新补贴活动，购买电视机和洗衣机可以一起申请补贴吗？每类限购几件？,可以。每类产品限购1件，电视机和洗衣机属于不同类别，可以分别申请补贴,市级家电,JN_APPLIANCE_2025,"根据济南市2025年家电以旧换新补贴政策（JN_APPLIANCE_2025）：
1. **可以同时申请**：电视机和洗衣机属于不同类别，可一起申请补贴。
2. **限购数量**：每类家电限购1件（空调类特殊，最多可购3件）。

关键信息：
- 补贴标准：15%基础补贴（1级能效再加5%）
- 单件补贴上限：2000元
- 申请平台：泉城购APP

（注：政策状态已完结，购买需在2025年4-9月指定轮次期内完成）",4.418450832366943,success,True,部分正确,匹配度62%,,济南市2025年家电以旧换新补贴活动允许购买电视机和洗衣机一起申请补贴。每类家电限购1件，其中空调最多可购3件。补贴标准为15%（能效等级2级及以上），若为1级能效则额外增加5%，单件补贴上限为2000元。,7.273474216461182,success,True,部分正确,匹配度50%,
7,山东省买热水器有补贴吗？,有。热水器（含燃气壁挂炉热水器）属于山东省家电以旧换新补贴范围,省级家电,SD_APPLIANCE_2025,"是的，山东省购买热水器有补贴。具体信息如下：

1. **补贴标准**：  
   - 基础补贴率：15%（发票价税合计金额）  
   - 能效1级额外补贴：5%（需满足2级及以上能效要求）  
   - **最高补贴金额**：2000元  

2. **适用产品**：  
   - 燃气壁挂炉热水器、电热水器等  

3. **时间范围**：  
   - 活动已结束（状态为""completed""），最后一轮购买截止时间为2025年9月30日。  

4. **申请方式**：  
   - 通过**山东政务服务网**（省级）或**泉城购APP**（市级）申请。  

需注意：补贴仅限以旧换新，需提供旧机回收凭证和新购发票。",4.914444923400879,success,True,错误,匹配度低(0%),,"山东省购买热水器有补贴。具体政策如下：

- **补贴率**：基础补贴率为15%，如果购买的热水器能效等级为1级，额外增加5%的补贴。
- **上限**：每件产品的补贴金额上限为2000元。
- **活动时间**：2025年4月1日至2025年9月30日。
- **申请时间**：第一轮为2025年4月10日至2025年7月5日；第二轮为2025年7月10日至2025年10月5日。

符合条件的消费者可以通过山东政务服务网进行申请。",9.902783155441284,success,True,错误,匹配度低(0%),
8,山东省2025年家电以旧换新实施方案，购买油烟机的补贴在哪个平台申领？,在山东政务服务网申领,省级家电,SD_APPLIANCE_2025,"根据政策信息，山东省2025年家电以旧换新（campaign_id: SD_APPLIANCE_2025）中购买油烟机的补贴申领平台为：
**山东政务服务网（省级）**  

关键信息：  
- 补贴标准：15%基础补贴（1级能效额外5%）  
- 单件上限：2000元  
- 申领方式：通过省级统一平台办理",3.303729772567749,success,True,错误,匹配度低(0%),,山东省2025年家电以旧换新实施方案中，购买油烟机的补贴可以在山东政务服务网申领。补贴标准为15%（如果能效等级为1级则额外增加5%），每件产品最高补贴金额为2000元。活动时间为2025年1月20日至2025年12月31日。,6.656000852584839,success,True,错误,匹配度低(0%),
9,山东省买净水器还能享受补贴吗？什么时候截止？,可以。净水器补贴截止日期是2025年12月31日,省级家电,SD_APPLIANCE_2025,"根据山东省省级家电以旧换新政策（`SD_APPLIANCE_2025`），净水器属于补贴产品范围，**补贴截止时间为2025年12月31日**。具体补贴标准为：
- 基础补贴率15%（能效2级及以上）
- 能效1级额外补贴5%
- 单件补贴上限2000元

（注：当前政策状态为已完成，但新购净水器在截止日期前仍可享受补贴）",3.510988235473633,success,True,部分正确,匹配度50%,,"山东省的净水器补贴政策在2025年仍然有效，截止日期为2025年12月31日。具体补贴标准如下：

- **基础补贴率**：15%
- **额外补贴率**（能效等级1级）：+5%
- **单件补贴上限**：2000元
- **每类商品限购数量**：1件

请确保购买时选择能效等级2级及以上的净水器，并通过山东政务服务网进行申请。",6.909873962402344,success,True,部分正确,匹配度50%,
10,济南市家电补贴配送安装的时限要求是多少天？,15日内配送安装签收,市级家电,JN_APPLIANCE_2025,根据济南市家电补贴政策（JN_APPLIANCE_2025），配送安装的时限要求是 **15日内**完成（从下单到签收）。特殊情况下可延长至90天，但最晚需在2026年1月15日前完成。,2.345292329788208,success,True,部分正确,匹配度50%,,济南市家电补贴政策要求在15日内完成配送安装签收。如果遇到特殊情况，最晚可延至90天，但不能晚于2026年1月15日。,2.8371024131774902,success,True,部分正确,匹配度50%,
11,济南市家电补贴政策有连续性吗？2024年享受过补贴，2025年还能申请吗？,有连续性。政策明确2024年已享受补贴的消费者2025年可继续享受,市级家电/省级家电,JN_APPLIANCE_2025/SD_APPLIANCE_2025,"根据济南市家电补贴政策（campaign_id: JN_APPLIANCE_2025）的明确规定，政策具有连续性：  
**2024年已享受补贴的消费者，2025年可继续享受同等补贴待遇**（15%基础补贴+5%能效补贴，上限2000元/件）。  

关键依据：政策细则中明确标注了`""policy_continuity"": ""2024年已享受补贴的消费者2025年可继续享受""`。",4.141895532608032,success,True,正确,匹配度75%,,济南市2025年的家电补贴政策具有连续性。根据政策，2024年已经享受过补贴的消费者在2025年可以继续申请补贴。具体补贴标准为：基础补贴率为15%，对于能效等级达到1级的产品额外增加5%的补贴，单件产品最高补贴金额为2000元。,5.797143936157227,success,True,部分正确,匹配度50%,
12,济南买手机有补贴吗？,有。济南市手机购新补贴按15%计算，单件上限500元,市级数码,JN_DIGITAL_2025,"根据济南市2025年数码以旧换新政策（JN_DIGITAL_2025），购买手机可享受以下补贴：

1. **补贴标准**：按发票最终售价的15%补贴
2. **上限金额**：单件最高补贴500元
3. **适用时间**：活动已结束（最后一轮购买截止至2025年9月30日）
4. **其他要求**：
   - 需提供旧手机回收凭证
   - 每人每品类限购1部
   - 需通过泉城购APP申请

注：当前（2025年11月）该补贴活动已结束（状态为completed）。",4.955928802490234,success,True,部分正确,匹配度50%,,"是的，济南市在2025年有手机以旧换新的补贴政策。具体信息如下：

- **活动时间**：分为两轮
  - 第一轮：购买期为2025年4月1日至6月30日，申请期为2025年4月10日至7月5日。
  - 第二轮：购买期为2025年7月1日至9月30日，申请期为2025年7月10日至10月5日。

- **补贴标准**：
  - 补贴率为15%。
  - 单件产品补贴上限为500元。
  - 每人每类数码产品（手机、平板、智能手表/手环）限申请一次。

- **申请平台**：泉城购APP或山东政务服务网。

- **所需材料**：身份证、旧设备回收码、新设备发票、支付记录。

请确保在规定的时间内完成购买和申请，并准备好相关材料。",11.431076049804688,success,True,部分正确,匹配度50%,
13,购买一台价值4000元的手机，能获得多少济南市数码补贴？,500元。补贴比例15%应为600元，但达到上限500元，所以实际补贴500元,市级数码,JN_DIGITAL_2025,"根据济南市2025年数码以旧换新政策（campaign_id: JN_DIGITAL_2025），购买价值4000元的手机可获得的补贴如下：

**补贴金额**：600元  
（计算方式：4000元 × 15% = 600元，但不超过单件上限500元，因此实际补贴为500元）

**关键说明**：
1. 补贴上限：单件商品最高补贴500元
2. 适用产品：手机（需通过泉城购APP申请）
3. 时间要求：需在2025年4月1日-9月30日期间购买（两轮活动期均已结束）
4. 其他条件：需提供旧设备回收凭证，且每人每品类限购1件

当前状态：活动已结束（status: completed）",5.709714412689209,success,True,部分正确,匹配度50%,,"根据济南市2025年数码以旧换新政策活动（JN_DIGITAL_2025），购买一台价值4000元的手机，可以获得以下补贴：

- 补贴率：15%
- 单件产品补贴上限：500元

计算补贴金额：
\[ 4000 \times 0.15 = 600 \text{元} \]

由于单件产品补贴上限为500元，因此实际补贴金额为500元。

**关键信息总结：**
- 补贴金额：500元
- 活动时间：2025年4月1日至2025年9月30日
- 申请窗口：每轮次的具体申请时间请参考具体轮次的时间安排
- 补贴档位：15%，上限500元

请注意，您需要在规定的时间内通过泉城购APP或山东政务服务网提交相关申请材料。",11.260255336761475,success,True,部分正确,匹配度50%,
14,济南买平板电脑能享受补贴吗？,可以。平板属于济南市数码购新补贴范围,市级数码,JN_DIGITAL_2025,"根据济南市2025年数码以旧换新政策（JN_DIGITAL_2025），购买平板电脑可享受补贴，具体信息如下：

1. **补贴标准**：按发票最终价格的15%补贴，单件最高补贴500元。
2. **时间范围**：活动分两轮（均已结束）：
   - 第一轮：2025年4月1日-6月30日购买，7月5日前申请
   - 第二轮：2025年7月1日-9月30日购买，10月5日前申请
3. **限制条件**：
   - 每人每品类限购1台
   - 需通过泉城购APP申请，提交旧设备回收凭证和新机发票等材料

（注：当前政策状态为""completed""，活动已结束）",5.845141172409058,success,True,错误,匹配度低(0%),,"可以享受补贴。根据济南市2025年数码以旧换新政策活动（JN_DIGITAL_2025），购买平板电脑可享受15%的补贴，上限为500元。具体时间如下：

- 第一轮：购买期为2025年4月1日至6月30日，申请期为2025年4月10日至7月5日。
- 第二轮：购买期为2025年7月1日至9月30日，申请期为2025年7月10日至10月5日。

补贴通过泉城购APP或山东政务服务网申请。",7.207625150680542,success,True,错误,匹配度低(0%),
15,济南市数码补贴的单件上限是多少？,500元,市级数码,JN_DIGITAL_2025,济南市数码补贴的单件上限是500元。,1.0175535678863525,success,True,部分正确,匹配度50%,,济南市数码补贴的单件上限是500元。,1.0202698707580566,success,True,部分正确,匹配度50%,
16,山东省买智能手表有补贴吗？,有。智能手表（手环）属于山东省数码购新补贴范围，按15%计算，单件上限500元,省级数码,SD_DIGITAL_2025,"是的，山东省购买智能手表有补贴。具体信息如下：

**补贴政策**：省级2025年数码以旧换新政策活动（SD_DIGITAL_2025）  
**补贴金额**：15%补贴比例，最高补贴500元  
**适用时间**：2025年4月1日至9月30日（两轮活动，均已结束）  
**申请平台**：需通过品牌官方商城或授权电商平台申请  

注：该活动已于2025年9月30日结束，当前（2025年11月）不可再申请。",4.143342018127441,success,True,部分正确,匹配度50%,,"山东省购买智能手表有补贴。具体政策如下：

- **补贴率**：15%
- **上限**：500元
- **活动时间**：
  - 第一轮：2025年4月1日至2025年6月30日（申请窗口：2025年4月10日至2025年7月5日）
  - 第二轮：2025年7月1日至2025年9月30日（申请窗口：2025年7月10日至2025年10月5日）
- **平台**：品牌官方商城/授权电商平台

每类数码产品（手机、平板、智能手表）限购1件。",7.189095735549927,success,True,部分正确,匹配度60%,
17,山东省买手机的补贴在哪里申请？,在品牌官方商城或授权电商平台申领,省级数码,SD_DIGITAL_2025,"根据山东省2025年数码以旧换新政策（SD_DIGITAL_2025）：
1. **补贴标准**：手机补贴比例为15%，单件最高补贴500元
2. **申请平台**：需通过品牌官方商城或授权电商平台申请
3. **时间范围**：活动分两轮（2025年4-6月、7-9月），当前状态已结束（completed）
4. **其他要求**：需提供旧设备回收凭证、新机发票等材料，实名认证购买

注：该活动已于2025年9月30日结束，不再接受新申请。",4.13523006439209,success,True,错误,匹配度低(0%),,山东省买手机的补贴可以在品牌官方商城或授权电商平台申请。补贴标准为15%，上限为500元。活动分为两轮，每轮购买期分别为2025年4月1日至6月30日和2025年7月1日至9月30日，申请窗口分别为2025年4月10日至7月5日和2025年7月10日至10月5日。,6.489742279052734,success,True,错误,匹配度低(0%),
18,济南市数码产品补贴有激活要求吗？手机和平板如何激活？,有激活要求。需现场激活：手机插入SIM卡或平板连接WiFi,市级数码/省级数码,JN_DIGITAL_2025/SD_DIGITAL_2025,"根据济南市数码产品补贴政策（campaign_id: JN_DIGITAL_2025），**有激活要求**：  
1. **手机和平板**需在购买现场完成以下操作之一：  
   - 插入SIM卡  
   - 连接WiFi  
2. 其他要求：需拍摄并上传设备的SN码、IMEI码等信息。  

（政策依据：`common_rules.activation_rules`字段中明确规定了现场激活及信息上传要求）",3.9295103549957275,success,True,错误,匹配度低(12%),,"济南市数码产品补贴有激活要求。手机和平板的激活要求如下：

- **手机和平板**：需要在现场插入SIM卡或连接WiFi进行激活。
- **智能手表（手环）**：需要在现场与适配应用程序连接进行激活。

此外，还需要拍摄并上传SN码、IMEI码等信息。",3.1828014850616455,success,True,错误,匹配度低(0%),
19,济南市智能手表和手环的激活方式是什么？,现场与适配应用程序（APP）连接激活,市级数码/省级数码,JN_DIGITAL_2025/SD_DIGITAL_2025,"根据济南市数码以旧换新政策（JN_DIGITAL_2025），智能手表（手环）的激活方式为：  
**现场与适配应用程序连接，并拍摄上传SN码、IMEI码等信息**。  

（依据：`common_rules.activation_rules.watch_band`字段）",2.884117603302002,success,True,错误,匹配度低(0%),,"济南市智能手表和手环的激活方式如下：
- 现场插入SIM卡或连接WiFi（针对手机和平板）
- 现场与适配应用程序连接
- 拍摄上传SN码、IMEI码等信息

这些步骤确保设备在现场被正确激活，并且相关信息被记录。",3.7250847816467285,success,True,错误,匹配度低(0%),
20,济南市数码补贴申请的实名认证有效期是多少天？最多可以尝试几次？,有效期2天，最多可尝试3次,市级数码,JN_DIGITAL_2025,"根据济南市数码补贴政策（campaign_id: JN_DIGITAL_2025）的`qualification_rules`字段：
- **实名认证有效期**：2天  
- **最多尝试次数**：3次  

（数据来源：政策中明确标注`""valid_days"": 2, ""attempts"": 3`）",3.1007461547851562,success,True,部分正确,匹配度50%,,济南市数码补贴申请的实名认证有效期是2天，最多可以尝试3次。,1.1826677322387695,success,True,部分正确,匹配度50%,
21,济南上半年买新能源车有补贴吗？,有。济南市2025年上半年（1月25日至3月31日）购买新能源车可享受补贴,市级汽车上半年,JN_CAR_UPPER_2025,"是的，济南市2025年上半年（1月25日至3月31日）对购买新能源车有补贴，具体标准如下：

- **新能源车补贴**：
  - 发票不含税价10万-30万元：补贴4000元/辆
  - 发票不含税价30万元以上：补贴5000元/辆

**关键时间**：
- 购车时间：2025年1月25日至3月31日
- 申请时间：2025年2月12日至4月15日

（政策ID：JN_CAR_UPPER_2025，状态：已结束）",4.403828382492065,success,True,正确,匹配度88%,,"是的，济南市2025年上半年购买新能源车有补贴。具体政策如下：

- **活动时间**：2025年1月25日至2025年3月31日
- **申请时间**：2025年2月12日至2025年4月15日
- **补贴标准**：
  - 车价在10万至30万元之间，补贴4000元
  - 车价在30万元以上，补贴5000元

补贴通过微信扫码或齐鲁银行权益平台申请。所需材料包括身份证、机动车销售统一发票、行驶证、机动车登记证书、银行卡和手机号。",7.864165544509888,success,True,正确,匹配度75%,
22,济南市2025年上半年汽车补贴政策，购买一辆发票不含税价15万元的新能源汽车，能获得多少补贴？,4000元（发票不含税价在10-30万元区间）,市级汽车上半年,JN_CAR_UPPER_2025,"根据济南市2025年上半年汽车补贴政策（JN_CAR_UPPER_2025），购买一辆发票不含税价15万元的新能源汽车，补贴金额为 **4000元**。具体档位规则如下：

- **新能源车**：  
  - 10万元 ≤ 发票价 < 30万元 → 补贴4000元  
  - 发票价 ≥ 30万元 → 补贴5000元  

该政策有效期至2025年3月31日，申请截止日期为2025年4月15日（状态已结束）。",4.2895379066467285,success,True,部分正确,匹配度50%,,根据济南市2025年上半年汽车消费补贴政策（活动ID: JN_CAR_UPPER_2025），购买一辆发票不含税价为15万元的新能源汽车，可以获得4000元的补贴。此补贴适用于新能源汽车价格在10万至30万元之间的档位。该政策的有效期为2025年1月25日至2025年3月31日。,4.429582357406616,success,True,部分正确,匹配度50%,
23,济南市2025年上半年汽车补贴政策，购买一辆发票不含税价35万元的燃油车，能获得多少补贴？,4000元（发票不含税价超过30万元）,市级汽车上半年,JN_CAR_UPPER_2025,"根据济南市2025年上半年汽车消费补贴政策（JN_CAR_UPPER_2025），购买一辆发票不含税价35万元的燃油车，补贴标准如下：

**补贴金额：4000元**  
（燃油车发票价35万元属于""30万元以上""档位，对应补贴标准为4000元）

关键信息：
1. 时间范围：2025年1月25日至3月31日期间购买
2. 申请截止：2025年4月15日（可修改至4月30日）
3. 车辆类型：非营运乘用车新车
4. 补贴发放方式：银行转账

注：该活动状态已显示为""completed""（已结束）。",5.195911645889282,success,True,部分正确,匹配度50%,,根据济南市2025年上半年汽车消费补贴政策（活动ID: JN_CAR_UPPER_2025），购买一辆发票不含税价为35万元的燃油车，可以获得4000元的补贴。此补贴适用于燃油车价格在30万元及以上的情况。该政策的有效期为2025年1月25日至2025年3月31日。,6.9788758754730225,success,True,部分正确,匹配度50%,
24,济南市上半年汽车补贴活动的购车时间是什么时候？,2025年1月25日至2025年3月31日,市级汽车上半年,JN_CAR_UPPER_2025,"济南市2025年上半年汽车消费补贴活动的购车时间为：**2025年1月25日至2025年3月31日**。  

关键信息：  
- 活动ID：`JN_CAR_UPPER_2025`  
- 购车期限：2025年1月25日00:00至3月31日23:59（以发票时间为准）。",3.88260555267334,success,True,正确,匹配度100%,,济南市上半年汽车补贴活动的购车时间是2025年1月25日至2025年3月31日。,2.0514442920684814,success,True,正确,匹配度100%,
25,济南市上半年汽车补贴在哪个平台申领？,微信扫码或齐鲁银行权益平台,市级汽车上半年,JN_CAR_UPPER_2025,"济南市2025年上半年汽车消费补贴（JN_CAR_UPPER_2025）的申领平台为：**微信扫码或齐鲁银行权益平台**。补贴标准为：
- 新能源车：10-30万元补贴4000元，30万元以上补贴5000元  
- 燃油车：10-30万元补贴3000元，30万元以上补贴4000元  
活动时间：2025年1月25日至3月31日（已结束）。",3.783595085144043,success,True,部分正确,匹配度50%,,"济南市2025年上半年汽车消费补贴活动（含追加）的申领平台是微信扫码或齐鲁银行权益平台。该活动时间为2025年1月25日至2025年3月31日，补贴标准如下：

- 新能源车：
  - 发票不含税价在10万至30万元之间，补贴4000元；
  - 发票不含税价在30万元以上，补贴5000元。

- 燃油车：
  - 发票不含税价在10万至30万元之间，补贴3000元；
  - 发票不含税价在30万元以上，补贴4000元。",7.6453163623809814,success,True,错误,匹配度低(0%),
26,济南买新车的保险有补贴吗？,有。济南市新车首保消费补贴根据车辆商业保险金额分档补贴，最高3000元,市级汽车首保,JN_CAR_FIRSTMAINT_2025,"根据济南市2025年消费补贴政策，购买新车保险有专项补贴，具体如下：

**补贴活动**：市级2025年新车首保消费补贴（JN_CAR_FIRSTMAINT_2025）  
**时间范围**：2025年5月1日至6月30日购买新车并投保商业险  
**补贴标准**：  
- 保险金额2000-3000元：补贴800元  
- 3000-4000元：补贴1000元  
- 4000-6000元：补贴1500元  
- 6000-8000元：补贴2000元  
- 8000元以上：补贴3000元（封顶）  

**当前状态**：活动已结束（状态显示为completed）。  

注：需通过指定平台（二维码/APP）申请，且仅限首次商业保险。",5.022784233093262,success,True,部分正确,匹配度50%,,"是的，济南市对新车首保有消费补贴。具体政策如下：

- **活动时间**：2025年5月1日至2025年6月30日
- **申请时间**：2025年5月12日至2025年7月15日
- **补贴标准**：
  - 商业保险金额在2000元至3000元之间，补贴800元
  - 商业保险金额在3000元至4000元之间，补贴1000元
  - 商业保险金额在4000元至6000元之间，补贴1500元
  - 商业保险金额在6000元至8000元之间，补贴2000元
  - 商业保险金额在8000元及以上，补贴3000元

补贴通过银行转账方式发放。",9.94871473312378,success,True,部分正确,匹配度50%,
27,济南市新车首保补贴，保险金额7000元属于哪个档位？补贴多少？,属于6000-8000元档位，补贴2000元,市级汽车首保,JN_CAR_FIRSTMAINT_2025,"根据济南市2025年新车首保消费补贴政策（campaign_id: JN_CAR_FIRSTMAINT_2025），保险金额7000元属于**6000-8000元档位**，对应的补贴金额为 **2000元**。  

关键信息：  
- **适用条件**：2025年5月1日至6月30日期间购买的非营运乘用车新车  
- **补贴发放方式**：银行转账  
- **状态**：活动已结束（completed）",3.488743782043457,success,True,部分正确,匹配度67%,,"根据济南市2025年新车首保消费补贴活动（JN_CAR_FIRSTMAINT_2025）的规定，保险金额7000元属于以下档位：

- 保险金额在6000元至8000元之间，补贴金额为2000元。

因此，保险金额7000元的补贴为2000元。",5.997600555419922,success,True,部分正确,匹配度50%,
28,济南市首保补贴活动的购车时间段是什么时候？,2025年5月1日至2025年6月30日,市级汽车首保,JN_CAR_FIRSTMAINT_2025,"济南市首保补贴活动（JN_CAR_FIRSTMAINT_2025）的购车时间段为：  
**2025年5月1日至2025年6月30日**  

关键信息：  
- 补贴依据：车辆商业保险金额（分5档，补贴800-3000元）  
- 申请窗口：2025年5月12日至7月15日（可修改至7月30日）  
- 状态：已结束（completed）",3.4620869159698486,success,True,正确,匹配度100%,,济南市首保补贴活动的购车时间段是2025年5月1日至2025年6月30日。,4.931874513626099,success,True,正确,匹配度100%,
29,济南市2025年新车首保消费券活动，保险金额达到多少时补贴最高？最高补贴多少元？,3000元（保险金额8000元及以上）,市级汽车首保,JN_CAR_FIRSTMAINT_2025,"根据济南市2025年新车首保消费补贴活动政策（`JN_CAR_FIRSTMAINT_2025`），补贴金额与商业保险金额的对应关系如下：

**最高补贴条件及金额**：  
- 当车辆商业保险金额 **≥8000元** 时，可享受最高补贴 **3000元**。  

其他档位示例：  
- 保险金额2000-3000元 → 补贴800元  
- 保险金额3000-4000元 → 补贴1000元  
- 保险金额4000-6000元 → 补贴1500元  
- 保险金额6000-8000元 → 补贴2000元  

（注：活动时间为2025年5月1日至6月30日，已结束）",4.898120880126953,success,True,正确,匹配度75%,,在济南市2025年新车首保消费补贴活动中，当车辆商业保险金额达到8000元及以上时，补贴最高，最高补贴金额为3000元。活动时间为2025年5月1日至2025年6月30日。,3.0770485401153564,success,True,部分正确,匹配度50%,
30,济南下半年买车还有补贴吗？分几轮？,有。济南市下半年汽车补贴共3轮：7月、8月、9月各一轮,市级汽车下半年,JN_CAR_LOWER_2025,"根据政策数据，济南市2025年下半年汽车消费补贴活动（JN_CAR_LOWER_2025）已分3轮完成，具体信息如下：

1. **轮次与时间**：
   - 第1轮：2025年7月1日-7月31日（申请截止8月5日）
   - 第2轮：2025年8月1日-8月31日（申请截止9月5日）
   - 第3轮：2025年9月1日-9月30日（申请截止10月5日）

2. **补贴标准**（按发票不含税价分档）：
   - 10万元以下：总计1900元（含1100元加油卡+800元保险）
   - 10-15万元：总计3200元（含2200元加油卡+1000元保险）
   - 15-25万元：总计4800元（含3300元加油卡+1500元保险）
   - 25-40万元：总计7000元（含4000元加油卡+3000元保险）
   - 40万元以上：总计8500元（含5500元加油卡+3000元保险）

**当前状态**：所有轮次均已结束（状态为completed）。",8.10459566116333,success,True,部分正确,匹配度50%,,"济南市2025年下半年有汽车消费补贴活动，分为3轮进行：

1. **第一轮**：
   - **购车时间**：2025年7月1日至2025年7月31日
   - **申请时间**：2025年7月10日10:00至2025年8月5日23:59:59
   - **补贴标准**：
     - 车价0-10万元：总补贴1900元（加油卡1100元 + 保险800元）
     - 车价10-15万元：总补贴3200元（加油卡2200元 + 保险1000元）
     - 车价15-25万元：总补贴4800元（加油卡3300元 + 保险1500元）
     - 车价25-40万元：总补贴7000元（加油卡4000元 + 保险3000元）
     - 车价40万元以上：总补贴8500元（加油卡5500元 + 保险3000元）

2. **第二轮**：
   - **购车时间**：2025年8月1日至2025年8月31日
   - **申请时间**：2025年8月6日10:00至2025年9月5日23:59:59
   - **补贴标准**：同第一轮

3. **第三轮**：
   - **购车时间**：2025年9月1日至2025年9月30日
   - **申请时间**：2025年9月6日10:00至2025年10月5日23:59:59
   - **补贴标准**：同第一轮

每轮的补贴金额和档位相同，具体补贴包括加油卡和保险两部分。",20.59373426437378,success,True,部分正确,匹配度50%,
31,济南市下半年汽车补贴，18万元新车补贴构成是什么？,总计4800元，包含加油储值卡3300元和保险补贴1500元,市级汽车下半年,JN_CAR_LOWER_2025,"根据济南市2025年下半年汽车消费补贴政策（JN_CAR_LOWER_2025），购买18万元新车的补贴构成如下：

**补贴总额：4800元**  
- **加油储值卡：3300元**  
- **商业保险补贴：1500元**  

**适用档位**：发票不含税价在15万-25万元区间（第三档）。  
**申请方式**：通过工银e生活APP申报，补贴以加油卡（90天有效期）和银行转账形式发放。  

注：该活动已于2025年9月30日结束（状态为completed）。",4.3436901569366455,success,True,部分正确,匹配度50%,,"根据济南市2025年下半年汽车消费补贴活动（JN_CAR_LOWER_2025），18万元新车的补贴构成如下：

- **补贴总额**：3200元
  - **加油卡价值**：2200元
  - **保险补贴**：1000元

**适用时间**：
- 购车时间：2025年7月1日至2025年9月30日
- 申请时间：每轮购车后的指定申请窗口期（具体见政策中的rounds字段）

**档位**：
- **价格区间**：10万至15万元

因此，购买一辆18万元的新车，可以享受总补贴3200元，其中包含2200元的加油卡和1000元的保险补贴。",11.460639238357544,success,True,错误,匹配度低(0%),
32,济南市下半年汽车补贴第一轮的购车时间和申请时间分别是什么时候？,购车时间：2025年7月1日至7月31日；申请时间：2025年7月10日10:00至8月5日23:59,市级汽车下半年,JN_CAR_LOWER_2025,"根据政策数据，济南市2025年下半年汽车消费补贴第一轮（JN_CAR_LOWER_2025）的具体时间如下：

**购车时间**：2025年7月1日至7月31日  
**申请时间**：2025年7月10日至8月5日  

（注：补贴金额按发票不含税价分档，最高总额8500元，含加油卡和保险补贴）",3.7574362754821777,success,True,正确,匹配度85%,,济南市2025年下半年汽车消费补贴活动第一轮的购车时间是2025年7月1日至2025年7月31日，申请时间是2025年7月10日10:00至2025年8月5日23:59:59。,3.435957670211792,success,True,部分正确,匹配度67%,
33,济南市下半年汽车补贴在哪个平台申领？,工银e生活APP/二维码,市级汽车下半年,JN_CAR_LOWER_2025,济南市2025年下半年汽车补贴的申领平台是 **工银e生活APP**。补贴标准按购车发票不含税价分档，总额从1900元至8500元不等（含加油储值卡和保险补贴组合），活动时间为2025年7月1日至9月30日，分3轮实施。,3.4875903129577637,success,True,错误,匹配度低(33%),,"济南市2025年下半年汽车消费补贴活动的申领平台是**工银e生活APP**或通过二维码进行申领。该活动分为三轮，每轮的具体时间和补贴标准如下：

- **第一轮**：
  - 购车时间：2025年7月1日至2025年7月31日
  - 申请时间：2025年7月10日至2025年8月5日
  - 补贴标准：
    - 车价0-10万元：总补贴1900元（加油卡1100元 + 保险800元）
    - 车价10-15万元：总补贴3200元（加油卡2200元 + 保险1000元）
    - 车价15-25万元：总补贴4800元（加油卡3300元 + 保险1500元）
    - 车价25-40万元：总补贴7000元（加油卡4000元 + 保险3000元）
    - 车价40万元以上：总补贴8500元（加油卡5500元 + 保险3000元）

- **第二轮**：
  - 购车时间：2025年8月1日至2025年8月31日
  - 申请时间：2025年8月6日至2025年9月5日
  - 补贴标准同第一轮

- **第三轮**：
  - 购车时间：2025年9月1日至2025年9月30日
  - 申请时间：2025年9月6日至2025年10月5日
  - 补贴标准同第一轮

请根据具体购车时间和申请时间选择相应的轮次进行申领。",23.88617706298828,success,True,错误,匹配度低(33%),
34,济南市下半年汽车补贴个人和企业的申请限制分别是什么？,个人每轮限申请1辆，企业累计最多3辆，且不能参与过前面的轮次,市级汽车下半年,JN_CAR_LOWER_2025,"根据政策数据（campaign_id: JN_CAR_LOWER_2025），济南市2025年下半年汽车消费补贴的申请限制如下：

**个人申请限制**：
- 每人限申请1辆新车补贴
- 发票不含税价分档补贴（1900-8500元），含加油卡和保险组合
- 需通过工银e生活APP申请

**企业申请限制**：
- 每家企业累计不超过3辆新车补贴（政府机构除外）
- 同一发票/车辆不可跨轮次重复申请
- 需提供营业执照和对公账户

**通用规则**：
- 补贴分3轮发放（7-9月每月一轮）
- 申请需在购车次月5日前提交（如7月购车需8月5日前申请）
- 审核不通过有5天修改期，最多3次尝试",5.880475044250488,success,True,部分正确,匹配度50%,,"济南市2025年下半年汽车消费补贴活动（JN_CAR_LOWER_2025）的个人和企业申请限制如下：

- **个人**：每人限申请1次。
- **企业（不含政府机构）**：每家企业累计最多可申请3次，但不能参与上一轮未中选者。

具体补贴标准按车辆发票不含税价分为多个档位：
- 0-10万元：总补贴1900元（加油卡1100元+保险800元）
- 10-15万元：总补贴3200元（加油卡2200元+保险1000元）
- 15-25万元：总补贴4800元（加油卡3300元+保险1500元）
- 25-40万元：总补贴7000元（加油卡4000元+保险3000元）
- 40万元以上：总补贴8500元（加油卡5500元+保险3000元）

活动分三轮进行，每轮购买期为一个月，申请窗口期为当月10日至次月5日。",12.105309247970581,success,True,部分正确,匹配度50%,
35,济南市下半年汽车补贴的加油储值卡有效期是多久？在哪里领取？,有效期90天，在中石油或中石化领取,市级汽车下半年,JN_CAR_LOWER_2025,"根据政策数据（`JN_CAR_LOWER_2025`），济南市2025年下半年汽车补贴的加油储值卡有效期为 **90天**，领取地点为 **中石油或中石化**。  

关键信息：  
- **有效期**：90天  
- **领取渠道**：中石油/中石化加油站",3.0844855308532715,success,True,正确,匹配度75%,,济南市下半年汽车补贴的加油储值卡有效期为90天，可以在中石油或中石化领取。,2.4629719257354736,success,True,部分正确,匹配度50%,
36,济南市下半年汽车补贴最高档位是多少？补贴构成是什么？,最高8500元（40万元以上车辆），包含加油卡5500元和保险3000元,市级汽车下半年,JN_CAR_LOWER_2025,"根据济南市2025年下半年汽车消费补贴政策（`JN_CAR_LOWER_2025`），**最高档位补贴总额为8500元**，具体构成如下：

1. **档位条件**：新车发票不含税价≥40万元  
2. **补贴构成**：  
   - 加油储值卡：5500元  
   - 商业保险补贴：3000元  

**时间范围**：2025年7月1日至9月30日（分3轮实施，每轮补贴上限1200万元，总预算3600万元）。  

注：需通过工银e生活APP申请，个人限1辆/企业累计限3辆。",4.4008824825286865,success,True,部分正确,匹配度50%,,"济南市2025年下半年汽车消费补贴活动的最高档位为：
- **车辆价格**：400,000元及以上
- **补贴总额**：8,500元
- **补贴构成**：
  - **加油储值卡**：5,500元
  - **商业保险补贴**：3,000元

该补贴活动的时间范围是2025年7月1日至2025年9月30日。",6.985950469970703,success,True,错误,匹配度低(0%),
37,济南市2025年餐饮消费券活动的时间是什么时候？现在（2025年12月）还能领取吗？,需要看当前时间。活动时间是2025年7月19日至2025年11月15日,市级零售餐饮,JN_RETAIL_CATERING_2025,"根据政策数据，济南市2025年餐饮消费券活动（JN_RETAIL_CATERING_2025）的时间为：
- **活动时间**：2025年7月19日至2025年11月15日
- **当前状态**（2025年12月）：活动已结束（status为""completed""），无法再领取。

关键信息：
1. 最后一轮（第5轮）的消费券发放至11月15日截止。
2. 消费券有效期为领取后24小时，逾期自动失效。",4.215581178665161,success,True,部分正确,匹配度67%,,"济南市2025年餐饮消费券活动的时间是从2025年7月19日到2025年11月15日。每轮发放周期为一个月，每月分14批次，每批次有效期24小时。

目前（2025年12月）已经超过了活动结束时间（2025年11月15日），因此无法再领取餐饮消费券。

具体档位如下：
- 满100元减25元
- 满200元减50元
- 满300元减75元

领取平台是抖音APP。",9.613268613815308,success,True,部分正确,匹配度50%,
38,济南市零售餐饮消费券一共发放几轮？发放时间是每月一轮吗？,共5轮。从7月到11月每月发放一轮,市级零售餐饮,JN_RETAIL_CATERING_2025,"根据政策数据，济南市零售餐饮消费券（JN_RETAIL_CATERING_2025）共发放**5轮**，具体时间安排如下：

1. **第1轮**：2025年7月19日-7月31日  
2. **第2轮**：2025年8月1日-8月31日  
3. **第3轮**：2025年9月1日-9月30日  
4. **第4轮**：2025年10月1日-10月31日  
5. **第5轮**：2025年11月1日-11月15日  

**发放频率**：并非严格每月一轮，首轮仅13天，末轮15天，中间三轮为完整月份。每轮分14批次发放（每批次24小时有效）。当前状态显示第5轮正在进行中（至11月15日）。",5.748979806900024,success,True,部分正确,匹配度50%,,"济南市零售餐饮消费券一共发放5轮。发放时间并不是每月一轮，而是从2025年7月19日开始至2025年11月15日结束，具体时间安排如下：

- 第1轮：2025年7月19日至2025年7月31日
- 第2轮：2025年8月1日至2025年8月31日
- 第3轮：2025年9月1日至2025年9月30日
- 第4轮：2025年10月1日至2025年10月31日
- 第5轮：2025年11月1日至2025年11月15日

每轮发放期间，每天有14批次，每批次有效期为24小时。",9.666731595993042,success,True,部分正确,匹配度50%,
39,济南市2025年零售消费券活动，在零售类商家消费200元，能抵扣多少钱？,40元（满200减40）,市级零售餐饮,JN_RETAIL_CATERING_2025,"根据济南市2025年零售餐饮消费券政策（`JN_RETAIL_CATERING_2025`），在零售类商家消费200元时，适用的补贴档位为**满200减40元**。具体规则如下：

- **零售类补贴档位**：  
  - 满100元减20元  
  - 满200元减40元（符合提问条件）  
  - 满300元减60元  

因此，消费200元可抵扣**40元**。该活动当前处于第5轮进行中（至2025年11月15日结束），需通过抖音APP实名领取并使用。",4.718667507171631,success,True,部分正确,匹配度50%,,在济南市2025年零售消费券活动中，如果您在零售类商家消费满200元，可以抵扣40元。具体档位为：满200元减40元。该活动从2025年7月19日持续到2025年11月15日。,6.755055904388428,success,True,部分正确,匹配度50%,
40,济南市餐饮消费券，在餐饮店消费300元可以抵扣多少？抵扣规则是什么？,可抵扣75元。规则：满100减25元，消费300元可使用3张,市级零售餐饮,JN_RETAIL_CATERING_2025,"根据济南市零售餐饮消费券政策（campaign_id: JN_RETAIL_CATERING_2025），餐饮类消费券的抵扣规则如下：

**消费300元可抵扣金额**：75元  
**具体档位规则**：  
- 满100元减25元  
- 满200元减50元  
- **满300元减75元**  

**关键信息**：  
1. 使用平台：抖音APP（需实名认证且GPS定位在济南）  
2. 有效期：每批次消费券领取后24小时内有效（当前第5轮发放中，截至2025年11月15日）  
3. 限制：每批次每人限领1张，可叠加商家优惠  

（数据来源：`common_rules.subsidy_standard.brackets`中餐饮类满减规则）",4.791558027267456,success,True,部分正确,匹配度62%,,"在济南市餐饮消费券活动中，如果您在餐饮店消费300元，可以抵扣75元。

**抵扣规则如下：**
- 消费满100元减25元
- 消费满200元减50元
- 消费满300元减75元

该活动从2025年7月19日持续到2025年11月15日。每批次消费券的有效期为24小时。您需要通过抖音APP领取和使用消费券。",5.535321474075317,success,True,部分正确,匹配度40%,
41,济南市零售餐饮消费券在哪个平台领取和使用？,抖音APP,市级零售餐饮,JN_RETAIL_CATERING_2025,"济南市零售餐饮消费券在**抖音APP**领取和使用。消费券类型包括：
- 零售类：满100减20元、满200减40元、满300减60元
- 餐饮类：满100减25元、满200减50元、满300减75元

活动时间：2025年7月19日至11月15日（当前第5轮进行中，截至11月15日）。  
领取规则：需实名认证，每批次限领1张，需开启济南GPS定位。",4.473999261856079,success,True,部分正确,匹配度50%,,"济南市零售餐饮消费券在**抖音APP**上领取和使用。该活动从2025年7月19日持续到2025年11月15日，具体补贴标准如下：

- **零售类**：
  - 满100元减20元
  - 满200元减40元
  - 满300元减60元

- **餐饮类**：
  - 满100元减25元
  - 满200元减50元
  - 满300元减75元

每个批次的消费券有效期为24小时，每位用户每批次限领1张。",10.255603551864624,success,True,部分正确,匹配度50%,
42,济南市餐饮消费券每批次每人最多可以领取几张？如何判断是否为同一用户？,每批次限领1张。同一账号、手机、身份证、设备、银行卡或支付方式任一相同均视为同一用户,市级零售餐饮,JN_RETAIL_CATERING_2025,"根据政策知识库中`JN_RETAIL_CATERING_2025`活动的规定：

1. **每批次领取限制**：每人每批次最多可领取1张餐饮消费券（见`qualification_rules.per_batch_limit`字段）。

2. **用户判定标准**：以下任一条件满足即视为同一用户：
   - 同一账号
   - 同一手机号
   - 同一身份证号
   - 同一支付设备
   - 同一银行卡
   - 同一支付账户  
（见`risk_controls`字段中""同一用户限1张/批""的说明）

注：当前活动第5轮仍在进行中（至2025-11-15），通过抖音APP领取，需开启济南GPS定位。",5.157463788986206,success,True,部分正确,匹配度58%,,根据政策信息，济南市餐饮消费券每批次每人最多可以领取1张。判断是否为同一用户的标准包括：账号、手机号、身份证、设备、银行或支付方式中的任一相同即视为同一用户。,3.2859833240509033,success,True,部分正确,匹配度67%,
43,济南市零售餐饮消费券用户咨询电话是多少？服务时间是什么时候？,用户咨询电话950525，服务时间09:00-23:00,市级零售餐饮,JN_RETAIL_CATERING_2025,"济南市零售餐饮消费券的用户咨询电话是 **950525**，服务时间为 **09:00-23:00**。  

（注：商户咨询电话为950529，服务时间相同）",2.4403254985809326,success,True,部分正确,匹配度50%,,济南市零售餐饮消费券用户咨询电话是950525，服务时间是09:00-23:00。您可以在这个时间段内拨打电话进行咨询。,1.8097543716430664,success,True,部分正确,匹配度50%,
44,济南市2025年零售餐饮消费券活动，消费券可以和商家优惠叠加使用吗？,可以叠加商家优惠,市级零售餐饮,JN_RETAIL_CATERING_2025,"可以叠加使用。根据政策信息，济南市2025年零售餐饮消费券活动的市场环境明确说明""可叠加商家优惠""。消费券的档位为：零售类满100减20元、满200减40元、满300减60元；餐饮类满100减25元、满200减50元、满300减75元。活动持续至2025年11月15日。",3.720869302749634,success,True,错误,匹配度低(0%),,济南市2025年零售餐饮消费券活动中的消费券可以和商家优惠叠加使用。具体来说，零售类消费券有三个档位：满100元减20元、满200元减40元、满300元减60元；餐饮类消费券也有三个档位：满100元减25元、满200元减50元、满300元减75元。这些消费券可以在商家提供的其他优惠基础上叠加使用。,7.860879421234131,success,True,错误,匹配度低(0%),
45,济南市家电以旧换新补贴分几轮实施？现在（2025年12月18日）买冰箱还能申请吗？,分两轮实施。活动时间2025年全年（1月20日至12月31日），12月18日仍可申请,市级家电,JN_APPLIANCE_2025,"根据政策数据：

1. **济南市家电以旧换新补贴（JN_APPLIANCE_2025）分2轮实施**：  
   - 第一轮：2025年4月1日至6月30日（已结束）  
   - 第二轮：2025年7月1日至9月30日（已结束）  

2. **2025年12月18日购买冰箱无法申请补贴**：  
   - 活动整体结束日期为2025年12月31日，但最后一轮申请窗口已于2025年10月5日关闭（需在购买后15日内申请）。当前时间（12月18日）已超出所有申请期限。  

**关键时间点**：  
- 购买截止：2025年9月30日  
- 申请截止：2025年10月5日  
- 活动状态：completed（已完成）",5.769529342651367,success,True,部分正确,匹配度52%,,"济南市2025年家电以旧换新补贴活动分两轮实施，每轮资金为5000万元。具体时间如下：

- 第一轮：购买期为2025年4月1日至6月30日，申请期为2025年4月10日至7月5日。
- 第二轮：购买期为2025年7月1日至9月30日，申请期为2025年7月10日至10月5日。

目前（2025年12月18日）已经过了所有购买和申请期限，因此现在买冰箱无法再申请该补贴。",11.361339092254639,success,True,部分正确,匹配度43%,
46,济南市家电补贴第二轮申请时间是什么时候？,第二轮申请时间：2025年7月10日10:00至10月5日23:59,市级家电,JN_APPLIANCE_2025,济南市家电补贴第二轮申请时间为：**2025年7月10日10:00至2025年10月5日23:59**（对应`JN_APPLIANCE_2025`活动第二轮申请窗口期）。,2.5386130809783936,success,True,部分正确,匹配度50%,,济南市家电补贴第二轮申请时间为2025年7月10日10:00至2025年10月5日23:59:59。,2.220529079437256,success,True,部分正确,匹配度50%,
47,济南和山东省买冰箱的补贴一样吗？,补贴比例一样，都是15%基础补贴（一级能效额外5%），单件上限2000元,家电对比,JN_APPLIANCE_2025/SD_APPLIANCE_2025,"济南市和山东省购买冰箱的补贴标准**基本一致**，但预算和申报平台不同：

1. **补贴标准**：均为发票金额的15%（1级能效额外加5%），单件补贴上限2000元。
2. **差异点**：
   - **预算**：济南市总预算1亿元，山东省1.2亿元。
   - **申报平台**：济南通过""泉城购APP""，山东省通过""山东政务服务网""。

其他规则（如产品目录、能效要求、限购数量等）完全相同。",4.157282590866089,success,True,部分正确,匹配度50%,,"济南和山东省买冰箱的补贴标准是一样的，具体如下：

- **补贴率**：基础补贴率为15%，如果购买的冰箱能效等级为1级，则额外增加5%的补贴。
- **上限**：每件产品的补贴上限为2000元。
- **时间**：活动时间为2025年1月20日至2025年12月31日。

因此，无论是济南市还是山东省，购买冰箱的补贴政策在金额、时间和档位上都是一致的。",9.296231508255005,success,True,部分正确,匹配度50%,
48,济南市和山东省的手机购新补贴，分别在哪个平台申请？,山东省在品牌官方商城/授权电商平台申领，济南市在泉城购APP申领,数码对比,JN_DIGITAL_2025/SD_DIGITAL_2025,"根据政策数据：

1. **济南市手机购新补贴**：通过""泉城购APP""申请，补贴标准为15%（上限500元/件）。
2. **山东省手机购新补贴**：通过""品牌官方商城/授权电商平台""申请，补贴标准为15%（上限500元/件）。

注：两项政策均已结束（状态为completed），申请需提供旧设备回收凭证、新机发票等材料。",3.6269443035125732,success,True,错误,匹配度低(0%),,济南市的手机购新补贴在**泉城购APP**申请，山东省的手机购新补贴在**品牌官方商城/授权电商平台**申请。补贴标准为发票价税合计金额的15%，上限为500元。,6.179519176483154,success,True,错误,匹配度低(0%),
49,济南买洗衣机补贴有问题找哪个部门？,济南市商务局负责解释,市级家电,JN_APPLIANCE_2025,"根据济南市家电以旧换新政策（JN_APPLIANCE_2025），购买洗衣机补贴问题的责任部门是：

**济南市商务局**
- 职责：组织实施、资金审核兑付、宣传协调、绩效评价及政策解释
- 投诉渠道：可通过泉城购APP的驻点客服（4名以上工作人员）或联系市市场监管局进行价格质量监管

（注：洗衣机补贴标准为发票金额的15%，能效1级额外5%，单件上限2000元）",3.716268539428711,success,True,错误,匹配度低(0%),,"在济南市购买洗衣机的补贴问题可以联系**市商务局**，他们负责组织实施、资金审核兑付、宣传协调和绩效评价。如果有具体的问题或投诉，可以通过以下方式进行咨询：

- **泉城购APP**：提供4名以上工作人员驻点，处理咨询和投诉。
- **联系电话**：如需进一步的帮助，可以拨打相关部门的电话进行咨询。

希望这些信息能帮助您解决问题。",5.770906448364258,success,True,错误,匹配度低(0%),
50,济南市下半年汽车补贴的申请主体有哪些？个人可以申请吗？政府机关和事业单位能申请吗？,申请主体包括个人和企业，但不含政府机关和事业单位,市级汽车下半年,JN_CAR_LOWER_2025,"根据政策数据（`JN_CAR_LOWER_2025`），济南市2025年下半年汽车消费补贴的申请主体包括：  
1. **个人**（明确允许）  
2. **企业**（不含政府机关和事业单位，即`""enterprise_excl_gov""`）  

**关键说明**：  
- 政府机关和事业单位**不能申请**，政策明确排除（`""enterprise_excl_gov""`字段）。  
- 个人限购1辆，企业累计限购3辆（见`qualification_rules`中的`personal_limit`和`enterprise_cumulative`）。  

其他细节（如补贴档位、金额）可进一步补充，但问题核心已直接回答。",5.298476934432983,success,True,错误,匹配度低(0%),,"济南市2025年下半年汽车消费补贴活动（JN_CAR_LOWER_2025）的申请主体包括：
- 个人（individual）
- 非政府企业（enterprise_excl_gov）

个人可以申请。政府机关和事业单位不能申请。

具体补贴标准如下：
- 车辆发票不含税价在0至10万元之间，补贴总额为1900元（其中加油卡价值1100元，保险补贴800元）。
- 车辆发票不含税价在10万至15万元之间，补贴总额为3200元（其中加油卡价值2200元，保险补贴1000元）。
- 车辆发票不含税价在15万至25万元之间，补贴总额为4800元（其中加油卡价值3300元，保险补贴1500元）。
- 车辆发票不含税价在25万至40万元之间，补贴总额为7000元（其中加油卡价值4000元，保险补贴3000元）。
- 车辆发票不含税价在40万元以上，补贴总额为8500元（其中加油卡价值5500元，保险补贴3000元）。

活动时间从2025年7月1日至2025年9月30日，分为三轮进行。",10.6935875415802,success,True,错误,匹配度低(0%),
